seed,cases,complete_repair_rate,effective_repair_rate,mean_delta_bpr,regression_rate
0,1000,0.506,0.003,-0.008077,0.246
1,1000,0.511,0.014,-0.021042,0.31
2,1000,0.505,0.006,-0.027312,0.402
3,1000,0.507,0.005,-0.026368,0.371
4,1000,0.506,0.005,-0.041129,0.347
5,1000,0.508,0.006,-0.01125,0.308
6,1000,0.505,0.003,-0.0488,0.34
7,1000,0.505,0.004,-0.022781,0.359
8,1000,0.505,0.005,-0.014196,0.359
9,1000,0.506,0.008,-0.02431,0.335
