metric,group,subgroup,n_cases,mean,ci95_low,ci95_high
top_1_hit_rate,,,495,0.149495,0.119192,0.181818
top_3_hit_rate,,,495,0.187879,0.153535,0.222222
top_5_hit_rate,,,495,0.228283,0.191919,0.264646
mrr,,,495,0.201018,0.170688,0.231904
