quartile,n_cases,spectral_resolution_min,spectral_resolution_max,top1_rate,top5_rate,mrr
Q1 (lowest),94,0.032,0.068182,0.191489,0.202128,0.211371
Q2,94,0.073171,0.125,0.159574,0.180851,0.19342
Q3,94,0.125,0.25,0.191489,0.276596,0.268981
Q4 (highest),94,0.25,1.0,0.244681,0.542553,0.384782
