engine,detectable_only_complete_repair,cohort_wide_complete_repair,saturation_inflation_pp,detectable_only_effective_repair,cohort_wide_effective_repair,saturated_cases,detectable_cases,total_cases
missing-transition,0.684848,0.844,15.915152,0.779798,0.386,505,495,1000
wrong-target,0.121212,0.565,44.378788,0.220202,0.109,505,495,1000
random,0.00202,0.506,50.39798,0.006061,0.003,505,495,1000
search-bpr,0.862626,0.932,6.937374,0.979798,0.485,505,495,1000
oracle-composite,0.674747,0.839,16.425253,0.826263,0.409,505,495,1000
llm-template,0.674747,0.839,16.425253,0.826263,0.409,505,495,1000
