{
  "criteria": {
    "guard": {
      "coverage": 1.0,
      "covered": 10,
      "covered_items": [
        "t1_12",
        "t1_14",
        "t1_19",
        "t1_23",
        "t1_27",
        "t1_30",
        "t1_33",
        "t1_6",
        "t1_7",
        "t1_9"
      ],
      "name": "guard",
      "total": 10
    },
    "state": {
      "coverage": 1.0,
      "covered": 10,
      "covered_items": [
        "s1_0",
        "s1_1",
        "s1_2",
        "s1_3",
        "s1_4",
        "s1_5",
        "s1_6",
        "s1_7",
        "s1_8",
        "s1_9"
      ],
      "name": "state",
      "total": 10
    },
    "transition": {
      "coverage": 1.0,
      "covered": 33,
      "covered_items": [
        "t1_1",
        "t1_10",
        "t1_11",
        "t1_12",
        "t1_13",
        "t1_14",
        "t1_15",
        "t1_16",
        "t1_17",
        "t1_18",
        "t1_19",
        "t1_2",
        "t1_20",
        "t1_21",
        "t1_22",
        "t1_23",
        "t1_24",
        "t1_25",
        "t1_26",
        "t1_27",
        "t1_28",
        "t1_29",
        "t1_3",
        "t1_30",
        "t1_31",
        "t1_32",
        "t1_33",
        "t1_4",
        "t1_5",
        "t1_6",
        "t1_7",
        "t1_8",
        "t1_9"
      ],
      "name": "transition",
      "total": 33
    },
    "transition_pair": {
      "coverage": 0.34615384615384615,
      "covered": 27,
      "covered_items": [
        "t1_1->t1_10",
        "t1_1->t1_11",
        "t1_1->t1_12",
        "t1_10->t1_17",
        "t1_10->t1_18",
        "t1_10->t1_19",
        "t1_12->t1_20",
        "t1_12->t1_21",
        "t1_12->t1_22",
        "t1_14->t1_28",
        "t1_14->t1_29",
        "t1_14->t1_30",
        "t1_2->t1_13",
        "t1_2->t1_14",
        "t1_2->t1_15",
        "t1_3->t1_16",
        "t1_3->t1_4",
        "t1_3->t1_5",
        "t1_6->t1_23",
        "t1_6->t1_24",
        "t1_6->t1_8",
        "t1_7->t1_25",
        "t1_7->t1_26",
        "t1_7->t1_27",
        "t1_9->t1_31",
        "t1_9->t1_32",
        "t1_9->t1_33"
      ],
      "name": "transition_pair",
      "total": 78
    },
    "transition_sequence": {
      "coverage": 0.39285714285714285,
      "covered": 33,
      "covered_items": [
        "t1_1",
        "t1_1->t1_10",
        "t1_1->t1_10->t1_17",
        "t1_1->t1_10->t1_18",
        "t1_1->t1_10->t1_19",
        "t1_1->t1_11",
        "t1_1->t1_12",
        "t1_1->t1_12->t1_20",
        "t1_1->t1_12->t1_21",
        "t1_1->t1_12->t1_22",
        "t1_2",
        "t1_2->t1_13",
        "t1_2->t1_14",
        "t1_2->t1_14->t1_28",
        "t1_2->t1_14->t1_29",
        "t1_2->t1_14->t1_30",
        "t1_2->t1_15",
        "t1_3",
        "t1_3->t1_16",
        "t1_3->t1_4",
        "t1_3->t1_5",
        "t1_6",
        "t1_6->t1_23",
        "t1_6->t1_24",
        "t1_6->t1_8",
        "t1_7",
        "t1_7->t1_25",
        "t1_7->t1_26",
        "t1_7->t1_27",
        "t1_9",
        "t1_9->t1_31",
        "t1_9->t1_32",
        "t1_9->t1_33"
      ],
      "name": "transition_sequence",
      "total": 84
    }
  },
  "fsm_id": "synthetic_1_10_5",
  "machine_type": "plain_fsm",
  "oracle_suite_id": "synthetic_1_10_5_oracles",
  "seed": 42,
  "sequence_depth": 3,
  "timestamp": "2026-06-08T22:00:10Z"
}
