{
  "criteria": {
    "guard": {
      "coverage": 1.0,
      "covered": 6,
      "covered_items": [
        "t42_11",
        "t42_26",
        "t42_27",
        "t42_31",
        "t42_5",
        "t42_7"
      ],
      "name": "guard",
      "total": 6
    },
    "state": {
      "coverage": 1.0,
      "covered": 10,
      "covered_items": [
        "s42_0",
        "s42_1",
        "s42_2",
        "s42_3",
        "s42_4",
        "s42_5",
        "s42_6",
        "s42_7",
        "s42_8",
        "s42_9"
      ],
      "name": "state",
      "total": 10
    },
    "transition": {
      "coverage": 1.0,
      "covered": 32,
      "covered_items": [
        "t42_1",
        "t42_10",
        "t42_11",
        "t42_12",
        "t42_13",
        "t42_14",
        "t42_15",
        "t42_16",
        "t42_17",
        "t42_18",
        "t42_19",
        "t42_2",
        "t42_20",
        "t42_21",
        "t42_22",
        "t42_23",
        "t42_24",
        "t42_25",
        "t42_26",
        "t42_27",
        "t42_28",
        "t42_29",
        "t42_3",
        "t42_30",
        "t42_31",
        "t42_32",
        "t42_4",
        "t42_5",
        "t42_6",
        "t42_7",
        "t42_8",
        "t42_9"
      ],
      "name": "transition",
      "total": 32
    },
    "transition_pair": {
      "coverage": 0.3870967741935484,
      "covered": 24,
      "covered_items": [
        "t42_1->t42_10",
        "t42_1->t42_11",
        "t42_1->t42_2",
        "t42_2->t42_12",
        "t42_2->t42_13",
        "t42_2->t42_14",
        "t42_3->t42_15",
        "t42_3->t42_6",
        "t42_3->t42_8",
        "t42_4->t42_16",
        "t42_4->t42_17",
        "t42_4->t42_18",
        "t42_5->t42_19",
        "t42_5->t42_20",
        "t42_5->t42_21",
        "t42_6->t42_22",
        "t42_6->t42_23",
        "t42_6->t42_24",
        "t42_7->t42_25",
        "t42_7->t42_26",
        "t42_7->t42_27",
        "t42_8->t42_28",
        "t42_8->t42_29",
        "t42_8->t42_9"
      ],
      "name": "transition_pair",
      "total": 62
    },
    "transition_sequence": {
      "coverage": 0.43283582089552236,
      "covered": 29,
      "covered_items": [
        "t42_1",
        "t42_1->t42_10",
        "t42_1->t42_11",
        "t42_1->t42_2",
        "t42_1->t42_2->t42_12",
        "t42_1->t42_2->t42_13",
        "t42_1->t42_2->t42_14",
        "t42_3",
        "t42_3->t42_15",
        "t42_3->t42_6",
        "t42_3->t42_6->t42_22",
        "t42_3->t42_6->t42_23",
        "t42_3->t42_6->t42_24",
        "t42_3->t42_8",
        "t42_3->t42_8->t42_28",
        "t42_3->t42_8->t42_29",
        "t42_3->t42_8->t42_9",
        "t42_4",
        "t42_4->t42_16",
        "t42_4->t42_17",
        "t42_4->t42_18",
        "t42_5",
        "t42_5->t42_19",
        "t42_5->t42_20",
        "t42_5->t42_21",
        "t42_7",
        "t42_7->t42_25",
        "t42_7->t42_26",
        "t42_7->t42_27"
      ],
      "name": "transition_sequence",
      "total": 67
    }
  },
  "fsm_id": "synthetic_42_10_5",
  "machine_type": "plain_fsm",
  "oracle_suite_id": "synthetic_42_10_5_oracles",
  "seed": 42,
  "sequence_depth": 3,
  "timestamp": "2026-06-08T22:00:10Z"
}
