method,partition,n_cases,top1_hit_rate,top3_hit_rate,top5_hit_rate,mrr,top1_ci95_low,top1_ci95_high,top3_ci95_low,top3_ci95_high,top5_ci95_low,top5_ci95_high,mrr_ci95_low,mrr_ci95_high
ochiai,transition_localizable_gt,450,0.577778,0.742222,0.824444,0.673418,0.533333,0.622222,0.702222,0.782222,0.788889,0.86,0.636288,0.710765
tarantula,transition_localizable_gt,450,0.457778,0.742222,0.824444,0.611937,0.411111,0.504444,0.702222,0.782222,0.788889,0.86,0.576092,0.647368
jaccard,transition_localizable_gt,450,0.577778,0.742222,0.824444,0.673418,0.533333,0.622222,0.702222,0.782222,0.788889,0.86,0.636288,0.710765
random,transition_localizable_gt,450,0.388889,0.635556,0.744444,0.533239,0.344444,0.433333,0.591111,0.68,0.704444,0.784444,0.497363,0.569943
structural_diff,transition_localizable_gt,450,0.888889,0.888889,0.888889,0.888889,0.857778,0.917778,0.857778,0.917778,0.857778,0.917778,0.857778,0.917778
